Map_Seed,Overlap_Factor,Algorithm,Drone_ID,Final_State,Speed_m_s,Jerk_m2_s5,Miss_Distance_m,Energy_Joules,Flight_Time_s,Collisions,Coverage_pct
3,0.1,Normal,Drone 0,Success,1.3754,2049.8823,3.8863,3794.6,37.1,0,98.45
3,0.1,Normal,Drone 1,Success,1.339,1607.451,4.0056,2608.77,25.4,0,98.45
3,0.1,Normal,Drone 2,Success,1.1357,1644.8853,3.6369,2977.71,28.9,0,98.45
3,0.1,Normal,Drone 3,Success,1.2246,1803.3427,4.0045,3405.41,33.3,0,98.45
3,0.1,Normal,Drone 4,Success,1.3883,1663.7515,4.0015,2932.16,28.65,0,98.45
3,0.1,Early,Drone 0,Success,2.0132,2079.3926,3.8978,3319.62,32.2,0,97.87
3,0.1,Early,Drone 1,Success,2.0283,1609.9292,4.0174,3264.12,22.8,0,97.87
3,0.1,Early,Drone 2,Success,1.665,1543.4916,3.6545,3292.38,25.1,0,97.87
3,0.1,Early,Drone 3,Success,1.8504,1752.4774,4.015,3296.77,28.3,0,97.87
3,0.1,Early,Drone 4,Success,2.1051,1565.7973,4.0065,3267.13,24.65,0,97.87
27,0.1,Normal,Drone 0,Success,1.4818,1952.7726,3.8057,3161.14,30.6,0,98.82
27,0.1,Normal,Drone 1,Success,1.0062,1320.039,4.0099,2901.75,28.25,0,98.82
27,0.1,Normal,Drone 2,Success,1.4245,1906.5792,3.7049,3470.0,34.05,0,98.82
27,0.1,Normal,Drone 3,Success,1.2818,1485.7399,3.9386,3364.08,32.7,0,98.82
27,0.1,Normal,Drone 4,Success,1.5288,2194.9894,3.9577,3450.51,33.5,0,98.82
27,0.1,Early,Drone 0,Success,2.1626,1972.2323,3.8135,3082.07,26.65,0,98.63
27,0.1,Early,Drone 1,Success,1.6596,1319.7322,4.0252,3055.21,24.7,0,98.63
27,0.1,Early,Drone 2,Success,2.0609,1927.6219,3.7025,3061.6,29.0,0,98.63
27,0.1,Early,Drone 3,Success,1.8388,1520.3706,3.9521,3087.91,29.9,0,98.63
27,0.1,Early,Drone 4,Success,2.1566,2182.2988,3.9649,3098.75,28.65,0,98.63
51,0.1,Normal,Drone 0,Success,1.1602,1578.0051,4.0027,3335.86,32.55,0,97.24
51,0.1,Normal,Drone 1,Success,1.1778,1678.2905,4.0047,2709.19,26.3,0,97.24
51,0.1,Normal,Drone 2,Success,1.547,2648.7314,3.9174,4075.88,39.8,0,97.24
51,0.1,Normal,Drone 3,Success,1.5351,1772.3039,3.7098,2858.56,27.9,0,97.24
51,0.1,Normal,Drone 4,Success,1.0867,1501.4277,4.0028,2841.62,27.6,0,97.24
51,0.1,Early,Drone 0,Success,1.7065,1640.6991,4.0108,3451.74,29.1,0,96.47
51,0.1,Early,Drone 1,Success,1.7843,1654.4856,4.0155,3425.57,23.3,0,96.47
51,0.1,Early,Drone 2,Success,2.2203,2617.424,3.9255,3486.13,33.8,0,96.47
51,0.1,Early,Drone 3,Success,2.2464,1791.5501,3.7134,3418.21,23.35,0,96.47
51,0.1,Early,Drone 4,Success,1.7701,1599.2709,4.0136,3432.73,23.75,0,96.47
13,0.1,Normal,Drone 0,Success,1.3918,2033.4191,3.8301,3578.84,34.85,0,98.48
13,0.1,Normal,Drone 1,Success,1.7033,1979.9117,3.858,3264.41,31.95,0,98.48
13,0.1,Normal,Drone 2,Success,1.3942,1467.4529,4.0004,2645.2,25.8,0,98.48
13,0.1,Normal,Drone 3,Success,1.1708,1823.4729,4.0034,3318.66,32.25,0,98.48
13,0.1,Normal,Drone 4,Success,1.3923,1819.0014,3.6649,3250.13,31.75,0,98.48
13,0.1,Early,Drone 0,Success,2.4349,2035.0622,3.84,3158.47,30.5,0,98.49
13,0.1,Early,Drone 1,Success,2.3576,1871.9329,3.8643,3111.54,27.15,0,98.49
13,0.1,Early,Drone 2,Success,2.2353,1448.5494,4.007,3090.9,22.2,0,98.49
13,0.1,Early,Drone 3,Success,1.8352,1692.4907,4.0118,3150.66,28.85,0,98.49
13,0.1,Early,Drone 4,Success,2.0596,1787.1691,3.6834,3122.25,26.7,0,98.49
93,0.1,Normal,Drone 0,Success,1.6889,1757.9373,3.6046,2633.36,25.7,0,98.32
93,0.1,Normal,Drone 1,Success,1.474,1650.0541,3.9808,3094.3,30.3,0,98.32
93,0.1,Normal,Drone 2,Success,1.4342,2121.5869,3.8704,3633.33,35.55,0,98.32
93,0.1,Normal,Drone 3,Success,1.2826,1683.0145,3.8235,3561.86,34.85,0,98.32
93,0.1,Normal,Drone 4,Success,1.4812,1467.557,3.9675,2829.73,27.55,0,98.32
93,0.1,Early,Drone 0,Success,2.4527,1822.0306,3.6082,3105.56,21.45,0,98.0
93,0.1,Early,Drone 1,Success,2.0404,1592.1586,3.9896,3126.52,26.15,0,98.0
93,0.1,Early,Drone 2,Success,2.0132,2124.6384,3.8825,3163.14,30.05,0,98.0
93,0.1,Early,Drone 3,Success,1.8231,1790.8631,3.8387,3162.64,30.7,0,98.0
93,0.1,Early,Drone 4,Success,2.0977,1553.2265,3.978,3128.44,23.5,0,98.0
42,0.1,Normal,Drone 0,Success,1.3284,1757.3632,4.0025,3209.86,31.35,0,97.93
42,0.1,Normal,Drone 1,Success,1.4133,1375.7576,3.9779,2985.44,29.1,0,97.93
42,0.1,Normal,Drone 2,Success,1.5797,1666.836,3.9357,3164.83,31.1,0,97.93
42,0.1,Normal,Drone 3,Success,1.3565,1355.9236,3.5027,2914.77,28.45,0,97.93
42,0.1,Normal,Drone 4,Success,1.421,1860.9605,3.8889,3753.0,36.75,0,97.93
42,0.1,Early,Drone 0,Success,2.3804,1662.6911,4.0209,3234.25,26.55,0,97.52
42,0.1,Early,Drone 1,Success,1.926,1361.8275,3.9873,3239.31,25.35,0,97.52
42,0.1,Early,Drone 2,Success,2.2561,1678.7925,3.9428,3224.71,26.5,0,97.52
42,0.1,Early,Drone 3,Success,1.8994,1389.4406,3.5088,3233.0,24.85,0,97.52
42,0.1,Early,Drone 4,Success,2.0422,1773.3759,3.897,3265.29,31.75,0,97.52
84,0.1,Normal,Drone 0,Success,1.4901,2202.4309,3.889,3828.24,37.5,0,98.48
84,0.1,Normal,Drone 1,Success,1.6708,1647.7455,3.8285,2923.82,28.6,0,98.48
84,0.1,Normal,Drone 2,Success,1.3028,1200.3022,3.7186,2499.34,24.4,0,98.48
84,0.1,Normal,Drone 3,Success,1.5411,2233.4511,3.7703,4324.7,42.45,0,98.48
84,0.1,Normal,Drone 4,Success,1.2461,1125.7814,4.0046,2200.16,21.5,0,98.48
84,0.1,Early,Drone 0,Success,2.1651,2312.0522,3.9003,3726.57,31.8,0,98.4
84,0.1,Early,Drone 1,Success,2.2854,1564.8565,3.8311,3684.17,24.85,0,98.4
84,0.1,Early,Drone 2,Success,1.7773,1215.9899,3.729,3668.98,21.2,0,98.4
84,0.1,Early,Drone 3,Success,2.116,2131.6747,3.772,3751.57,36.55,0,98.4
84,0.1,Early,Drone 4,Success,1.9428,1122.4555,4.0161,3646.99,18.35,0,98.4
79,0.1,Normal,Drone 0,Success,1.2101,1600.2467,4.003,3109.48,30.45,0,97.27
79,0.1,Normal,Drone 1,Success,1.454,1541.5944,3.9995,2713.04,26.5,0,97.27
79,0.1,Normal,Drone 2,Success,1.7481,1992.5583,3.9623,3478.41,34.05,0,97.27
79,0.1,Normal,Drone 3,Success,1.6288,1234.8202,3.6654,2234.1,22.0,0,97.27
79,0.1,Normal,Drone 4,Success,1.5679,2282.1076,3.8353,3471.72,34.0,0,97.27
79,0.1,Early,Drone 0,Success,1.907,1642.2232,4.0148,2984.62,26.35,0,96.66
79,0.1,Early,Drone 1,Success,2.2212,1530.3854,4.0029,2968.59,22.8,0,96.66
79,0.1,Early,Drone 2,Success,2.3581,2025.2085,3.9664,2999.54,29.2,0,96.66
79,0.1,Early,Drone 3,Success,2.2946,1268.0226,3.6703,2922.58,17.9,0,96.66
79,0.1,Early,Drone 4,Success,2.2358,2168.1326,3.8405,2996.95,28.75,0,96.66
32,0.1,Normal,Drone 0,Success,1.2107,1431.8601,4.0037,2754.5,26.85,0,97.76
32,0.1,Normal,Drone 1,Success,1.3449,1684.8943,4.0026,2958.3,28.85,0,97.76
32,0.1,Normal,Drone 2,Success,1.4013,2337.6997,3.8939,3933.1,38.25,0,97.76
32,0.1,Normal,Drone 3,Success,1.5114,1529.0202,3.6395,2478.7,24.25,0,97.76
32,0.1,Normal,Drone 4,Success,1.2607,1909.8978,3.8981,3908.62,37.95,0,97.76
32,0.1,Early,Drone 0,Success,1.9324,1393.1167,4.0114,3416.3,23.35,0,97.29
32,0.1,Early,Drone 1,Success,2.1091,1638.9366,4.0083,3423.45,24.7,0,97.29
32,0.1,Early,Drone 2,Success,2.0164,2317.5418,3.9009,3495.56,33.75,0,97.29
32,0.1,Early,Drone 3,Success,2.1979,1591.0864,3.6438,3387.91,20.0,0,97.29
32,0.1,Early,Drone 4,Success,1.7882,2095.3696,3.9148,3502.56,33.4,0,97.29
25,0.1,Normal,Drone 0,Success,2.0697,1873.1491,3.7148,3322.3,32.45,0,96.92
25,0.1,Normal,Drone 1,Success,1.2994,1439.6823,3.9926,2978.92,29.0,0,96.92
25,0.1,Normal,Drone 2,Success,1.3036,1934.0938,3.8368,3745.13,36.7,0,96.92
25,0.1,Normal,Drone 3,Success,1.5081,1599.9938,3.9981,2600.18,25.5,0,96.92
25,0.1,Normal,Drone 4,Success,1.5878,2075.5865,3.9598,3421.07,33.45,0,96.92
25,0.1,Early,Drone 0,Success,2.6264,1868.0185,3.7217,3257.25,27.55,0,96.51
25,0.1,Early,Drone 1,Success,1.87,1487.7236,4.0091,3247.13,25.4,0,96.51
25,0.1,Early,Drone 2,Success,1.8495,1985.6756,3.8457,3274.5,31.85,0,96.51
25,0.1,Early,Drone 3,Success,2.3322,1645.5328,4.0008,3201.82,21.7,0,96.51
25,0.1,Early,Drone 4,Success,2.3235,1930.5959,3.9666,3256.94,28.25,0,96.51
33,0.1,Normal,Drone 0,Success,1.9067,1698.2755,3.9706,3728.4,36.4,0,97.35
33,0.1,Normal,Drone 1,Success,1.4013,1922.2164,3.7652,3276.04,32.0,0,97.35
33,0.1,Normal,Drone 2,Success,1.0465,1439.3592,4.0049,3189.02,31.05,0,97.35
33,0.1,Normal,Drone 3,Success,1.3307,1701.9314,3.993,3405.88,33.4,0,97.35
33,0.1,Normal,Drone 4,Success,1.1528,1588.1722,4.0055,2830.22,27.55,0,97.35
33,0.1,Early,Drone 0,Success,2.4342,1785.6382,3.9796,3304.24,32.05,0,96.81
33,0.1,Early,Drone 1,Success,1.9951,1941.6982,3.7729,3272.04,27.0,0,96.81
33,0.1,Early,Drone 2,Success,1.7577,1478.6933,4.0157,3287.48,27.55,0,96.81
33,0.1,Early,Drone 3,Success,1.8588,1736.4612,4.0065,3267.03,28.5,0,96.81
33,0.1,Early,Drone 4,Success,1.8457,1648.7312,4.0127,3265.03,24.65,0,96.81
41,0.1,Normal,Drone 0,Success,1.3059,2077.6701,4.0028,3775.49,37.05,0,98.43
41,0.1,Normal,Drone 1,Success,1.4582,1230.2039,3.597,2248.39,22.05,0,98.43
41,0.1,Normal,Drone 2,Success,1.4661,1581.488,4.0001,2895.28,28.4,0,98.43
41,0.1,Normal,Drone 3,Success,1.1206,1538.0961,4.0055,2877.35,28.1,0,98.43
41,0.1,Normal,Drone 4,Success,1.467,2071.5013,3.7839,3809.73,37.25,0,98.43
41,0.1,Early,Drone 0,Success,2.0123,1993.102,4.0105,3292.33,31.35,0,97.7
41,0.1,Early,Drone 1,Success,2.0416,1208.3241,3.6016,3214.56,18.25,0,97.7
41,0.1,Early,Drone 2,Success,2.24,1628.5579,4.0055,3243.33,24.1,0,97.7
41,0.1,Early,Drone 3,Success,1.8145,1559.5756,4.0203,3259.44,23.85,0,97.7
41,0.1,Early,Drone 4,Success,2.094,2043.9764,3.7945,3307.55,32.1,0,97.7
69,0.1,Normal,Drone 0,Success,1.0004,1564.797,4.0073,3328.09,32.55,0,98.26
69,0.1,Normal,Drone 1,Success,1.371,1456.8505,3.4526,2443.98,23.95,0,98.26
69,0.1,Normal,Drone 2,Success,1.1414,1631.8774,4.0044,3353.54,32.95,0,98.26
69,0.1,Normal,Drone 3,Success,1.4457,1947.8106,3.9532,3719.58,36.15,0,98.26
69,0.1,Normal,Drone 4,Success,1.1115,1915.9874,4.0056,3725.77,36.35,0,98.26
69,0.1,Early,Drone 0,Success,1.6149,1563.6277,4.0214,3293.26,28.1,0,98.12
69,0.1,Early,Drone 1,Success,1.8648,1461.9606,3.4614,3234.61,19.75,0,98.12
69,0.1,Early,Drone 2,Success,1.7878,1728.1197,4.0182,3278.0,28.4,0,98.12
69,0.1,Early,Drone 3,Success,1.8976,1955.1374,3.9676,3337.43,32.1,0,98.12
69,0.1,Early,Drone 4,Success,1.7371,1805.2056,4.0168,3324.04,32.2,0,98.12
55,0.1,Normal,Drone 0,Stuck,1.4767,406.3306,8.4627,3397.73,34.7,0,80.9
55,0.1,Normal,Drone 1,Success,1.2099,1627.1056,3.6824,2925.29,28.6,0,80.9
55,0.1,Normal,Drone 2,Success,1.1205,1423.6307,4.0057,3047.72,29.65,0,80.9
55,0.1,Normal,Drone 3,Success,1.5533,2069.5069,3.9651,3532.27,34.6,0,80.9
55,0.1,Normal,Drone 4,Success,1.7501,1535.6935,3.8085,2595.24,25.35,0,80.9
55,0.1,Early,Drone 0,Success,2.0575,1822.3848,4.0116,3325.33,32.4,0,97.31
55,0.1,Early,Drone 1,Success,1.76,1676.9237,3.6903,3284.41,23.75,0,97.31
55,0.1,Early,Drone 2,Success,1.645,1329.227,4.0182,3311.09,26.15,0,97.31
55,0.1,Early,Drone 3,Success,2.2082,2125.1023,3.9718,3309.88,29.4,0,97.31
55,0.1,Early,Drone 4,Success,2.3599,1538.3684,3.8132,3265.8,21.75,0,97.31
99,0.1,Normal,Drone 0,Success,1.4852,2000.9248,3.7687,3263.55,31.95,0,96.79
99,0.1,Normal,Drone 1,Success,1.7032,1622.1431,3.8261,2793.34,27.35,0,96.79
99,0.1,Normal,Drone 2,Success,1.4357,2079.73,3.7853,3520.58,34.45,0,96.79
99,0.1,Normal,Drone 3,Success,1.2072,1299.87,4.0036,2615.9,25.6,0,96.79
99,0.1,Normal,Drone 4,Success,1.5095,1819.6748,3.9968,2914.79,28.5,0,96.79
99,0.1,Early,Drone 0,Success,2.1717,2003.3506,3.7758,3010.55,27.1,0,96.46
99,0.1,Early,Drone 1,Success,2.4661,1673.3114,3.8308,2978.62,23.05,0,96.46
99,0.1,Early,Drone 2,Success,2.0462,1967.1365,3.7934,3027.99,29.4,0,96.46
99,0.1,Early,Drone 3,Success,1.8389,1241.9611,4.0132,2979.32,22.1,0,96.46
99,0.1,Early,Drone 4,Success,2.1656,1922.0638,4.0054,2993.09,23.95,0,96.46
1,0.1,Normal,Drone 0,Success,1.3851,1913.7584,3.8361,3593.04,34.9,0,97.67
1,0.1,Normal,Drone 1,Success,2.4898,1292.2925,3.803,2262.41,22.05,0,97.67
1,0.1,Normal,Drone 2,Success,1.4777,1595.8842,4.0013,2676.97,26.0,0,97.67
1,0.1,Normal,Drone 3,Success,1.5946,2153.5887,3.883,3293.85,32.3,0,97.67
1,0.1,Normal,Drone 4,Success,1.2539,2044.7399,3.7379,3703.56,36.2,0,97.67
1,0.1,Early,Drone 0,Success,1.9947,1865.2743,3.8445,3226.4,31.15,0,97.32
1,0.1,Early,Drone 1,Success,2.2871,1269.5996,3.8095,3135.62,18.7,0,97.32
1,0.1,Early,Drone 2,Success,2.3212,1557.1379,4.0055,3165.41,22.35,0,97.32
1,0.1,Early,Drone 3,Success,2.36,2208.4832,3.888,3168.93,26.75,0,97.32
1,0.1,Early,Drone 4,Success,1.8591,1947.9766,3.7429,3211.63,31.15,0,97.32
7,0.1,Normal,Drone 0,Success,1.3583,1441.11,3.6284,2739.89,26.75,0,97.52
7,0.1,Normal,Drone 1,Success,1.858,1911.219,3.9181,3708.06,36.35,0,97.52
7,0.1,Normal,Drone 2,Success,1.3348,1961.534,3.9661,3512.34,34.25,0,97.52
7,0.1,Normal,Drone 3,Success,1.1606,1886.5967,4.006,3559.94,34.85,0,97.52
7,0.1,Normal,Drone 4,Success,0.9911,1152.8661,4.0082,2478.62,24.1,0,97.52
7,0.1,Early,Drone 0,Success,1.9077,1368.459,3.6352,3197.03,23.4,0,97.64
7,0.1,Early,Drone 1,Success,2.3757,1781.1483,3.9255,3238.43,31.55,0,97.64
7,0.1,Early,Drone 2,Success,1.9373,1900.6194,3.9799,3245.54,29.05,0,97.64
7,0.1,Early,Drone 3,Success,1.7955,1660.0449,4.0169,3239.06,30.5,0,97.64
7,0.1,Early,Drone 4,Success,1.6905,1169.1838,4.024,3196.76,20.85,0,97.64
77,0.1,Normal,Drone 0,Success,1.3635,1369.708,4.0003,2433.46,23.8,0,94.99
77,0.1,Normal,Drone 1,Success,1.4373,1743.7275,3.9776,3323.87,32.65,0,94.99
77,0.1,Normal,Drone 2,Success,1.2451,1673.3947,4.0056,3630.96,35.6,0,94.99
77,0.1,Normal,Drone 3,Success,1.5676,1290.2345,3.5336,2082.91,20.5,0,94.99
77,0.1,Normal,Drone 4,Success,1.659,2384.561,3.8688,3376.21,32.9,0,94.99
77,0.1,Early,Drone 0,Success,2.1153,1355.1503,4.0066,3078.43,20.6,0,94.69
77,0.1,Early,Drone 1,Success,2.0383,1729.2251,3.9851,3114.2,28.2,0,94.69
77,0.1,Early,Drone 2,Success,1.9252,1522.8933,4.0136,3139.16,30.55,0,94.69
77,0.1,Early,Drone 3,Success,2.3394,1244.5687,3.5275,3047.25,16.4,0,94.69
77,0.1,Early,Drone 4,Success,2.3745,2407.1814,3.8734,3134.15,27.85,0,94.69
11,0.1,Normal,Drone 0,Success,1.3266,1403.7729,4.004,2550.95,24.95,0,99.09
11,0.1,Normal,Drone 1,Success,1.4471,1983.6807,3.9951,3485.66,34.0,0,99.09
11,0.1,Normal,Drone 2,Success,1.2776,1952.7042,4.0016,3472.8,33.8,0,99.09
11,0.1,Normal,Drone 3,Success,1.4189,1805.6252,3.7234,3192.24,31.2,0,99.09
11,0.1,Normal,Drone 4,Success,1.8869,1855.9081,3.7475,3602.24,35.1,0,99.09
11,0.1,Early,Drone 0,Success,2.2617,1497.6373,4.0133,3101.89,20.75,0,98.68
11,0.1,Early,Drone 1,Success,2.1151,1973.3983,4.0029,3161.3,29.7,0,98.68
11,0.1,Early,Drone 2,Success,2.4049,1943.1306,4.0133,3182.71,29.0,0,98.68
11,0.1,Early,Drone 3,Success,1.9855,1814.8597,3.7277,3138.52,26.75,0,98.68
11,0.1,Early,Drone 4,Success,2.0609,1888.3901,3.7552,3177.85,30.75,0,98.68
62,0.1,Normal,Drone 0,Success,1.4944,2114.6614,3.7666,3562.08,34.85,0,97.7
62,0.1,Normal,Drone 1,Success,1.7413,1593.3594,3.8427,2602.13,25.5,0,97.7
62,0.1,Normal,Drone 2,Success,1.034,1178.3925,4.0065,2798.61,27.2,0,97.7
62,0.1,Normal,Drone 3,Success,1.4402,1852.5165,3.7811,3459.04,33.9,0,97.7
62,0.1,Normal,Drone 4,Success,1.5035,1872.1405,3.9481,3604.77,35.0,0,97.7
62,0.1,Early,Drone 0,Success,2.2098,2100.9763,3.776,3186.28,29.15,0,97.12
62,0.1,Early,Drone 1,Success,2.497,1563.8357,3.8475,3134.15,21.45,0,97.12
62,0.1,Early,Drone 2,Success,1.7518,1243.7845,4.0157,3177.03,23.75,0,97.12
62,0.1,Early,Drone 3,Success,2.5282,1991.7646,3.7912,3178.84,28.9,0,97.12
62,0.1,Early,Drone 4,Success,2.5023,1818.3606,3.9555,3227.6,31.1,0,97.12
